{
  "tick": 20,
  "display": {
    "tick": 20,
    "plant_count": 26,
    "herbivore_count": 35,
    "carnivore_count": 0,
    "plant_history": [
      120,
      113,
      103,
      102,
      92,
      87,
      90,
      91,
      87,
      86,
      84,
      82,
      76,
      71,
      63,
      58,
      52,
      51,
      53,
      45,
      26
    ],
    "herbivore_history": [
      23,
      23,
      23,
      23,
      23,
      23,
      23,
      24,
      25,
      25,
      25,
      27,
      28,
      30,
      32,
      32,
      32,
      32,
      32,
      33,
      35
    ],
    "carnivore_history": [
      0,
      0,
      0,
      0,
      0,
      0,
      0,
      0,
      0,
      0,
      0,
      0,
      0,
      0,
      0,
      0,
      0,
      0,
      0,
      0,
      0
    ],
    "births_this_tick": 10,
    "deaths_this_tick": 27,
    "avg_age": 10.37704918032787,
    "avg_energy": 69.70349484637248,
    "tick_time_ms": 0.6208419799804688,
    "organism_count": 61,
    "season": "Spring",
    "season_emoji": "🌱"
  },
  "metadata": {
    "level": "level2_asymmetric_tracking",
    "episode": 1,
    "mean_reward": 0.0,
    "preset": "stable",
    "grid_size": 12
  }
}