{
  "tick": 20,
  "display": {
    "tick": 20,
    "plant_count": 14,
    "herbivore_count": 7,
    "carnivore_count": 0,
    "plant_history": [
      137,
      137,
      137,
      135,
      135,
      135,
      134,
      136,
      136,
      135,
      135,
      134,
      134,
      133,
      133,
      134,
      134,
      137,
      136,
      136,
      14
    ],
    "herbivore_history": [
      7,
      7,
      7,
      7,
      7,
      7,
      7,
      7,
      7,
      7,
      7,
      7,
      7,
      7,
      7,
      7,
      7,
      7,
      7,
      7,
      7
    ],
    "carnivore_history": [
      0,
      0,
      0,
      0,
      0,
      0,
      0,
      0,
      0,
      0,
      0,
      0,
      0,
      0,
      0,
      0,
      0,
      0,
      0,
      0,
      0
    ],
    "births_this_tick": 2,
    "deaths_this_tick": 124,
    "avg_age": 9.571428571428571,
    "avg_energy": 58.51714285714281,
    "tick_time_ms": 0.20837783813476562,
    "organism_count": 21,
    "season": "Spring",
    "season_emoji": "🌱"
  },
  "metadata": {
    "level": "level3_self_play_coevolution",
    "episode": 1,
    "mean_reward": 90.45,
    "preset": "stable",
    "grid_size": 12
  }
}