{
  "tick": 20,
  "display": {
    "tick": 20,
    "plant_count": 71,
    "herbivore_count": 24,
    "carnivore_count": 0,
    "plant_history": [
      120,
      120,
      118,
      119,
      118,
      116,
      113,
      116,
      110,
      115,
      112,
      114,
      112,
      111,
      108,
      111,
      113,
      113,
      112,
      114,
      71
    ],
    "herbivore_history": [
      24,
      24,
      24,
      24,
      24,
      24,
      24,
      24,
      24,
      24,
      24,
      24,
      24,
      24,
      24,
      24,
      24,
      24,
      24,
      24,
      24
    ],
    "carnivore_history": [
      0,
      0,
      0,
      0,
      0,
      0,
      0,
      0,
      0,
      0,
      0,
      0,
      0,
      0,
      0,
      0,
      0,
      0,
      0,
      0,
      0
    ],
    "births_this_tick": 11,
    "deaths_this_tick": 54,
    "avg_age": 10.631578947368421,
    "avg_energy": 80.47166666666664,
    "tick_time_ms": 0.2841949462890625,
    "organism_count": 95,
    "season": "Spring",
    "season_emoji": "🌱"
  },
  "metadata": {
    "level": "level1_collect_and_survive",
    "episode": 1,
    "mean_reward": 573.9999999999999,
    "preset": "stable",
    "grid_size": 12
  }
}